,name,age
0,William Mckenzie,34
1,Regina Randall,49
2,Jeffrey Blanchard,34
3,Stephen Scott,28
4,Brent Harris,21
5,Willie Johnson,47
6,Christine Willis,30
7,Duane Smith,50
8,Melissa Estrada,47
9,Donna Leonard,38
10,Tina Duran,33
11,Latoya Mitchell,33
12,Katrina Jones,14
13,Joseph Walsh,12
14,James Daniels,45
15,Jessica Flores,17
16,Kenneth Neal,29
17,April Carpenter,12
18,Nicole Hart,3
19,Frank Gibbs,29
20,Susan Edwards,37
21,Zachary Garcia,40
22,Kathleen Evans,34
23,Hannah Hogan,50
24,Melinda Molina,6
25,Kara Soto,33
26,Jill Mcdonald,41
27,Dylan Burns,45
28,Sylvia Gardner,13
29,Lynn Beltran,14
30,William Francis,34
31,Cody Anderson,31
32,Jacob Morales,47
33,Angela Phelps,25
34,Gabriel Leonard,44
35,Glenda Kirk,0
36,Barbara Molina,0
37,Isaac Jordan,6
38,Kevin Stewart,9
39,Sandra Wood,18
40,Ryan Thompson,20
41,Sarah Dominguez,22
42,Mark Wilson,18
43,Russell Smith,34
44,Heather Anderson,49
45,Christina Reed,15
46,Amanda Garcia,3
47,Mark Hurst,46
48,Leslie Martin,17
49,Jason Barry,33
50,Alan Brady,6
51,Earl Rose,15
52,Daniel Sanford Jr.,1
53,Heather Smith,33
54,Douglas Galloway,7
55,Curtis Nichols,45
56,John Simpson,46
57,Scott Serrano,5
58,Mr. Timothy Mendoza,4
59,Danielle Ryan,18
60,David Chambers,2
61,Crystal Morgan,1
62,Miranda Lopez,22
63,Lindsey Howard,17
64,Tracy Smith,41
65,Justin Vaughan,24
66,Kevin Harris,10
67,Michael Harris,17
68,Heather Mcclure,29
69,Alexa Morton,10
70,Autumn Roy,3
71,Rebecca Brown,41
72,Timothy Perkins,16
73,Jennifer Williams,43
74,Christian Johnson,9
75,Joseph Rodriguez,41
76,Rhonda Daniels,47
77,Kenneth Morgan,40
78,Craig Middleton,42
79,David Phelps,9
80,Manuel Mcpherson,48
81,Michael Parks,17
82,Monica Allison,33
83,Laura Romero,5
84,Stephanie Smith,21
85,Anthony Hurst,11
86,Jennifer Luna PhD,48
87,Ian Sanchez,6
88,Janice Ward,17
89,Jamie Smith,36
90,Donna Armstrong,23
91,Dr. Ashley Smith,20
92,Kelly Thomas,37
93,Erin Williams,28
94,Brian Smith,29
95,Kimberly Nelson,36
96,Megan Johnston,43
97,Randy Lang,42
98,Cindy Garrett,13
99,Hector Underwood,5
100,Jeffrey Palmer,2
101,Daniel Wilson,43
102,Kenneth Noble,10
103,Andrew Weeks,37
104,Joe Reilly,35
105,Joseph Chavez,43
106,Ronald Montoya,50
107,Wendy Rodriguez,11
108,Rebecca Andersen,44
109,Christopher Nguyen,18
110,Shannon Harris,39
111,Cynthia Johnson,48
112,Susan Williams,12
113,Janice Jones,13
114,Sherry Jones,22
115,Sara Anderson,2
116,Amanda Wyatt,24
117,Beth Rivera,24
118,Timothy Calderon,10
119,William Romero,23
120,Shelby Fitzpatrick,5
121,Andrea Cummings,9
122,Nicholas Henderson,20
123,Ryan Watson,31
124,Matthew Mccann,50
125,Tony Henry,24
126,Marie Brown,48
127,Teresa Norris,16
128,Mark Coleman,12
129,Dennis Jones,50
130,Krista Crane,25
131,Gregory Jenkins,25
132,Samantha Moore,48
133,Ashley Wilson,4
134,Alex Jordan,43
135,Julie Bauer,23
136,Michael Palmer,48
137,Christian Wheeler,22
138,Michael Delgado,20
139,Jamie Terry,35
140,Steven Pittman,45
141,Crystal Smith,1
142,Andrea Hanna,25
143,Pamela Bartlett,9
144,Mr. Keith Jackson,10
145,Diane Mullins,47
146,Eric Leach,41
147,Robert Young MD,11
148,Cheyenne Roberts,4
149,Emily Elliott,22
150,Adriana Zimmerman,25
151,Jessica Dickerson,1
152,Tammy Brown,16
153,Ana Daniels,42
154,Roberta Stein,11
155,Timothy Jones,31
156,Nicole Owen,31
157,Travis Williams,47
158,Kathy Brock,35
159,Oscar Lopez,28
160,Kim Odonnell,14
161,Carla Cordova,8
162,Stephen Simmons,23
163,Meagan Adkins,11
164,Gary Owens,8
165,Beverly Pierce,35
166,Angel Jackson,43
167,Brian Johnson,38
168,Travis Wagner,28
169,Allison Steele,9
170,Jennifer Campbell,44
171,Cassandra Smith,17
172,Brady Vega,48
173,Richard Fox,41
174,Diane Khan,33
175,Gregory Curtis,35
176,Tina Leach,31
177,Brandi Williams,49
178,Shawn Fowler,23
179,Daniel Hinton,50
180,Mark Barton,37
181,Andrea Burns,23
182,Susan Fitzpatrick,11
183,David Serrano,25
184,Vanessa Crawford,47
185,Cathy Banks,28
186,Christine Hood MD,48
187,Michelle Lawrence,39
188,Desiree Patterson,42
189,Jamie Taylor,8
190,Amanda Castillo,45
191,Daniel Powell,33
192,Nancy Stewart,0
193,Ashley Sanders,9
194,Ronald Berg,38
195,Danielle Figueroa,11
196,Raymond Murray,28
197,David Chavez,2
198,Troy Woodward,5
199,Jamie Johnson,41
200,Carla Munoz,45
201,Johnny Harrison,22
202,Teresa Johnson,43
203,Thomas Burns,38
204,Rebecca Watson,48
205,Stacey Vasquez,6
206,Harold Parsons,13
207,Carmen Rogers,38
208,Samuel Smith,28
209,Daniel Cunningham,26
210,Robert Hess,12
211,Alexander Smith,28
212,Nicholas Weaver MD,46
213,Christopher Stewart,4
214,Kimberly Franco,12
215,William Nash,28
216,Daniel Heath,22
217,Martha Myers,17
218,Devon Moore,46
219,Robert Cross,7
220,Allison Hernandez MD,33
221,Marcus Smith,21
222,Kimberly Norman,18
223,Maria Alexander,24
224,Clinton Delgado,4
225,Joseph Rowe,44
226,Joseph Holt,32
227,John Nash,9
228,Michael Booth,21
229,Amanda Smith,40
230,Ryan Faulkner,25
231,Derrick White,27
232,Denise Brock,8
233,Debbie Mcgrath,6
234,Mandy Ellis,15
235,Joseph Barton,26
236,Jeffrey Little,15
237,Jodi Briggs,38
238,Brenda Griffith,43
239,Curtis Riddle,42
240,Justin Martinez,49
241,Chad Ward,32
242,Timothy Hines,45
243,Wendy Huff,7
244,Richard Rodriguez,36
245,Becky Rosario,15
246,Stacey Hurst,18
247,Amanda Wallace,37
248,Richard Owens Jr.,7
249,Julia Ross,37
250,Cassandra Robinson,45
251,Jonathan Dorsey,34
252,John Martin,11
253,Kristin Cortez,50
254,Austin Garcia,20
255,Jason Garcia,6
256,Bradley Lynch,29
257,Amy Anderson,3
258,Ashley Allison,40
259,Eric Lamb,5
260,Troy Hall,29
261,Tonya Jones,2
262,Veronica Duffy,32
263,Mr. Brian Long Jr.,4
264,James Butler,40
265,Jessica Kent,43
266,Michael Carlson,13
267,Kelly Johnson,3
268,Amy Williams,8
269,Juan Garcia,30
270,Mackenzie Rodgers,43
271,Mary Cooper,23
272,Hannah Jensen,35
273,Jessica Clay,39
274,Elizabeth Haynes,3
275,Evelyn Garcia,50
276,Michael Matthews,13
277,Laura Peterson,30
278,Brittany Reed,36
279,Jeffrey Oliver,43
280,Anna Rivera,14
281,Dennis Roy,46
282,Alan Campbell,14
283,John Smith,19
284,Meagan Hardy,49
285,Paul Perez,19
286,Shelly Anderson,33
287,Tamara Ross,49
288,Nathan Ford,19
289,Lawrence Allen,32
290,Barbara Richmond,24
291,Patrick Jones,28
292,Ryan Mason,1
293,Antonio Contreras,47
294,Steven Henderson,11
295,Ronald Graham,5
296,Brian May,24
297,Jeffrey Anderson,20
298,Mary Kane,4
299,Kelly Woods,20
300,Dr. Carol Thomas,4
301,Christopher Rodriguez,14
302,Wendy Lloyd,45
303,Veronica Lucas,1
304,Amy Hogan,23
305,Mike Meadows,18
306,Bradley Houston,33
307,Mark Shannon,34
308,Shannon Mcgee,44
309,Martin Lee,7
310,Philip Higgins,15
311,Stephanie Knapp,27
312,Jodi Thompson,25
313,Cody Gonzales,24
314,Jessica Shepherd,10
315,Nicholas Miller,45
316,Robert Chavez,1
317,Raymond Valdez,19
318,Diane Fernandez,17
319,Antonio Jones,50
320,Noah Davis,16
321,Joanna Lee,15
322,Mrs. Linda Huerta,45
323,Sophia Ramirez,14
324,Debbie Fletcher,32
325,Jennifer Hernandez,7
326,James Smith,45
327,Sheri Arellano,38
328,Brian Jennings,1
329,John Young,11
330,April Smith,38
331,Tracey Smith,9
332,Melissa Young,42
333,Jerry Thompson,31
334,Dr. Christine Ayers,11
335,Kara Coleman,17
336,James Jones,38
337,Ruth Carter,9
338,Daniel Spencer,29
339,Charles Monroe,19
340,Stephanie Duffy,35
341,Cole Hunt,26
342,Elizabeth Anderson,37
343,Jennifer King,35
344,Karen Martin,20
345,Michael Gonzalez,15
346,Raymond Lawrence,40
347,Jonathan Moyer,34
348,Mary White,22
349,Stephen Sutton,21
350,Christine Ford,5
351,Charles White,14
352,Steven Melton,5
353,Jay Harris,36
354,Kathy Byrd,0
355,James Guerrero,31
356,Jack Wright,12
357,Travis Barajas,38
358,Sherry Huynh,32
359,Michael Wilson,41
360,Jackie Parks MD,30
361,Louis Patterson,2
362,Madison Davidson,25
363,Matthew Obrien MD,18
364,Christine Mccarthy,31
365,Brandon Gonzales,36
366,Christine Romero,34
367,Lauren Bennett,45
368,Alexis Davis DDS,25
369,Bruce Gamble,33
370,Robert Silva,27
371,Timothy Leonard,2
372,Christine Montgomery,34
373,Angela King,26
374,Sarah Salinas,19
375,Michael Lee,13
376,Marie Le,39
377,Angel Conrad,24
378,Laura Peterson,3
379,Crystal Rose,5
380,Andrew Lopez,15
381,Wesley Riggs,13
382,Kerri Mcdonald,35
383,Richard Padilla,28
384,Heather Welch,41
385,Lisa Atkins,18
386,Matthew Mcdaniel,19
387,Rose Stevens,20
388,Alan Lopez,3
389,Kara Spencer,9
390,Mrs. Sherry Melton,0
391,Brian Cain,4
392,Annette Bennett,1
393,Austin Ortiz,1
394,Rebecca Rodriguez,14
395,Daniel Mcdonald,46
396,Amanda Gardner,38
397,Cameron Flores,18
398,Janet Jones,24
399,Christopher Jackson MD,34
400,Benjamin Miles,16
401,Leah Harris,37
402,Erica Ortega,24
403,Angel Gonzalez,50
404,Michelle Lewis,7
405,Daniel Oconnell,26
406,Katherine Barnes,19
407,Jennifer Harrington,18
408,Andrew Hale,44
409,Sheila Woods,47
410,Michael Cox,21
411,Ruth Hudson,15
412,Candice Tran,22
413,Colin Glover,12
414,Mrs. Rachel Brown MD,21
415,Jessica Alexander,22
416,Mark Clark,19
417,Daniel Morgan,3
418,Ashley Ibarra,13
419,Terri Higgins,16
420,William Perez,7
421,Jose Allen,43
422,Sheri Fields,5
423,Stanley Barrett,24
424,Lisa Williams,39
425,Whitney Diaz,35
426,Joshua Mack,26
427,Tyler Smith,5
428,Dr. Wayne Mullen MD,14
429,Andrew Grant,16
430,James Cabrera,1
431,Amanda Gibson,40
432,Ashley Rivers,13
433,Dustin Rush,46
434,Kari Edwards,29
435,Dr. Amanda Friedman,36
436,Amy Black,23
437,Victor Miller,5
438,John Sampson,44
439,Todd Mcdaniel,4
440,Alexis Wood,9
441,Dana Gonzalez,10
442,Kelly Curry,31
443,Kevin Matthews,43
444,Ronald Hoover,31
445,William Gonzalez,13
446,Harold Hood,6
447,Garrett Diaz,16
448,Maria Phillips PhD,25
449,Kirsten Fuller,25
450,Tracy Wu,23
451,Jamie Rivera,5
452,Diana Fitzgerald,48
453,John Morris,7
454,Lisa Walters,42
455,Jessica Costa,20
456,Bruce Fox,12
457,Alexander Graham,49
458,Bobby Hebert,1
459,Christina Rice,22
460,Lisa Jones,1
461,Heather Conner,44
462,Nicholas Jacobs,13
463,Lynn Webster,24
464,Jason Young,21
465,John Moody,47
466,Heather Small,39
467,Rebecca Shelton,31
468,Ashley Martin,8
469,Sarah Vargas,48
470,Natasha Peterson,1
471,Julie Morris,38
472,Joseph Rodriguez,0
473,Dr. Michelle Long,22
474,Alexandra Miller,6
475,Lucas Norton,5
476,Roger Bailey DDS,31
477,Andrew Olson,0
478,Richard Watson,50
479,Stanley Flynn,30
480,Trevor Schwartz,48
481,Nancy Rojas,30
482,Richard White,40
483,Amanda Guerrero,32
484,Erica Harris,23
485,Amber Hamilton,45
486,Susan Zhang,23
487,Tony Pacheco,31
488,Joseph Kelly,36
489,Ashley Ortiz,16
490,Jeffrey Hernandez,36
491,Jeffrey Schmidt,2
492,Paul Horne,34
493,Terri Lee,25
494,Juan Mack,17
495,Adrian Singh,50
496,April Williamson,25
497,Daniel Bryant,3
498,Alicia Bright,11
499,Misty Banks,1
500,Stephanie Sullivan,48
501,Michael Taylor,0
502,Matthew Mosley,24
503,Michael Davenport,41
504,Tracey Patterson,26
505,Charlotte Fowler,23
506,Christopher Potts,9
507,Beverly Beck,41
508,Ryan Russell II,17
509,Tracey David,7
510,John Ramos,23
511,Benjamin Schmidt,10
512,Timothy Scott,34
513,Deborah Young,10
514,Natalie Burns,49
515,Misty Roberts,43
516,Erika Brown,39
517,Daniel Roberson,42
518,Elizabeth Aguirre,22
519,Michael Evans,49
520,Luis Smith,0
521,Holly Robinson,13
522,Bradley Dixon,28
523,Robert Gates,41
524,Amber Mack,27
525,Michelle Davis,19
526,Benjamin Hardy,41
527,Samantha Hammond,38
528,Donald Dennis,21
529,Aaron Blair,7
530,Samantha Anderson,45
531,Patrick Woods,33
532,Mr. Garrett Sullivan Jr.,14
533,Wesley Valdez,21
534,Amy Morrow,21
535,Sarah Smith,13
536,Stephen Mann,35
537,Cory Smith,42
538,Bryan Johnson,26
539,Jordan Yoder,19
540,Jillian Ashley,12
541,Joseph Green,5
542,Julie Romero,33
543,Seth Irwin,18
544,Felicia Garrett,16
545,Robert Nunez,5
546,Matthew Meza,12
547,Crystal Moran,23
548,Gail Aguilar,44
549,Gina Mcclain,15
550,Curtis Smith,26
551,Michelle Stokes,32
552,Michelle English MD,28
553,Michael Guerrero,39
554,Emily Jones,36
555,Cory Harrington,13
556,Laurie Hawkins,43
557,Courtney Robinson,3
558,Brian Perez,20
559,Rodney Bowman,44
560,Gail Mcdonald,21
561,Holly Mcintosh,26
562,Caroline Fisher,44
563,Brendan Simpson,26
564,Jay Wood,41
565,Tyler Harvey,38
566,Linda Waters,40
567,Samantha Mclean,47
568,Sharon Escobar MD,5
569,Brandon Gibson,41
570,Joseph White,6
571,April Foster,21
572,Vanessa Wood,10
573,Perry Robertson,19
574,Brian Lucas,20
575,Jacob Scott,27
576,Teresa Nelson,8
577,Matthew Johnson,39
578,Michael Johnson,26
579,Daniel Fletcher,31
580,Mitchell Johnson,14
581,Mary Ellis,9
582,Shelia Watkins,36
583,James Alexander,12
584,Brent Reyes,31
585,April Mathews,23
586,Jacob Johnson,18
587,Richard Anderson,38
588,Kurt Thompson,40
589,Heather Haas,47
590,Jamie Macdonald,12
591,Glenn Gillespie,12
592,Erica Villa,8
593,Ryan Moore,7
594,Theresa Long,37
595,Megan Lee,22
596,Dr. Anna Flores,0
597,Michele Murphy,5
598,Paul Black,43
599,Antonio Hensley,31
600,Mario Holden,2
601,Sara Woods,22
602,Rachel Hernandez,48
603,Joseph Forbes,31
604,John Hill,44
605,Karen Hamilton,5
606,Matthew Sullivan,2
607,Katherine Swanson,23
608,Sarah Cunningham,14
609,Michael Hunt,16
610,Michael Collins,39
611,Jill Howell,20
612,Michael Shepherd,7
613,Evan Harvey,24
614,Daniel Smith,27
615,Brian Pena,0
616,James Powell,32
617,Lisa Williams,30
618,Benjamin Smith,20
619,Elijah Adams,24
620,Andrew Thompson,21
621,Terri Long,33
622,Mark Gonzalez III,49
623,Thomas Mitchell,27
624,Dana Horton,8
625,Melissa Jordan,7
626,Kim Collins,8
627,Rhonda Alvarez,44
628,Anthony Robertson,15
629,Rodney Thompson,44
630,David Fuller,10
631,Brittany Vega,33
632,Christine Perry,31
633,Margaret Duran,25
634,Glen Washington,42
635,Kaitlyn Weaver,6
636,Jamie Romero,38
637,Mr. Alex Webb,25
638,Andrew Parks,29
639,Lori Sims DVM,14
640,Roger Zuniga,5
641,Gary Clements,18
642,Patrick Mcclain,46
643,Jeremy Woodard,42
644,Margaret Ellis,20
645,Brett Garcia,9
646,Sharon Cooper,3
647,Susan Campbell,22
648,Cheryl Taylor,35
649,Shawn Flores,24
650,Martha Montgomery,48
651,Paul Vargas,47
652,Rebecca Cherry,42
653,Natalie Hernandez,43
654,Angela Jones,12
655,Angelica Lowery,37
656,Sarah Cox,32
657,Alex Rodriguez,6
658,John Parker,32
659,Jason Wilson,38
660,Laura Harrison,17
661,Eric Doyle,20
662,Amy Madden,12
663,Timothy Hernandez,49
664,Richard Huff,25
665,Dalton Thompson,3
666,Bradley Gomez,10
667,Alicia Lyons,29
668,Crystal Castaneda,49
669,Nathan Orozco PhD,21
670,Nicholas Jones PhD,47
671,Jack Hughes,23
672,Michelle Freeman,11
673,Ryan Lopez,37
674,Steven Dunlap,11
675,Hector Parker,49
676,David Mccoy,35
677,Mrs. April Hansen,41
678,Stephen Caldwell,4
679,Crystal Davis,35
680,Christopher Stevens,30
681,Tara Scott,19
682,Yvette Yates,50
683,Dominic Howard,44
684,Abigail Warren,1
685,Bryan Smith,45
686,Megan Mason,30
687,Alexander Marquez,35
688,Stephanie Lewis,50
689,Elizabeth Wilson,35
690,Anna Lindsey,47
691,Cynthia Murray,39
692,Caitlyn Ferguson,1
693,Jonathon Fox,21
694,Darin Johnson DDS,0
695,Stephen White,38
696,Joseph Munoz,16
697,Brandon Williams,6
698,Kenneth Vasquez,47
699,Samantha Johnson,26
700,Joe White,28
701,William Jacobs,25
702,Nicole Vasquez,6
703,Michael Marsh,47
704,Susan Johnson,14
705,Matthew Bennett,11
706,Katie Davies,43
707,Craig Doyle,11
708,Blake Ramirez,44
709,Alison Butler,40
710,Ryan Matthews,9
711,Eric Mclean,7
712,Taylor Morgan,22
713,Joel Moore,20
714,Kelly Riley,0
715,Amy Thomas,37
716,Eric Johnson,17
717,Shannon Davis,17
718,Jill Travis,18
719,Edgar Johnson,41
720,Dalton Montoya,38
721,Vickie Mcdowell,42
722,Brian Glover,14
723,Brianna Davis,31
724,Nicole Douglas,49
725,Michael Lowery,38
726,Dan Woods,24
727,Rebekah Gonzalez,3
728,Brenda Carter,38
729,Jessica Smith,34
730,Daniel Ortiz,28
731,Melissa Mccoy,29
732,Justin Orr,8
733,David Davidson,23
734,Rachel Rodriguez MD,3
735,Sara Johnson,30
736,Leslie Nelson,43
737,Dominique Lynch,27
738,Nathan Mason,7
739,Linda Phillips,18
740,Jordan Tran,1
741,Rachael Lopez,15
742,Thomas Holland,2
743,Jeffrey Wolfe,44
744,Ms. Laura Duncan,22
745,William Davidson,8
746,Matthew Simon MD,31
747,Andrew Carter,38
748,Christopher Sandoval,25
749,Madison Turner,9
750,Kathryn Reed,35
751,Gail Baker,28
752,Heather Rodriguez,30
753,Jeremy Castillo,12
754,Amy Lopez,21
755,Sarah Griffith,46
756,Danielle Smith,46
757,Lisa Campbell,22
758,Stephanie Taylor,26
759,Cynthia Waters,12
760,Victoria Lambert,23
761,Christopher Nichols,37
762,Derek Banks,8
763,Jared Golden,4
764,William Rivera,39
765,Diane York,20
766,Kellie Castillo,25
767,Jacqueline Lambert,19
768,Frederick Jackson,18
769,Michael Williams,14
770,Brittany Skinner,25
771,Michael Miller,37
772,Jessica Richmond,37
773,Jared Swanson,29
774,Nicholas Fritz,9
775,Shannon Bradley,7
776,Sonya Kim,35
777,Christopher Gill,49
778,Johnny Norris,23
779,Carol Webb,42
780,Sara Ortiz,17
781,Chelsea Meyer,20
782,Mark Johnson,15
783,Cheryl Tucker,9
784,Scott Richardson,16
785,Michelle Cook,38
786,Denise Waters,42
787,Jennifer Benton DDS,36
788,Stanley Lopez,1
789,Amanda Stafford,25
790,Michael Barnett,16
791,Adam Adams,50
792,Ronald Jackson,43
793,Shawn Chapman,40
794,Samantha Walker,1
795,Tanya Underwood,27
796,Raymond Wright,0
797,Laura Richardson,13
798,Rickey Martin,9
799,Carl Walls,2
800,Frances Russell,34
801,Jennifer Martinez,41
802,Amy Chambers,36
803,Katie Stevenson,14
804,Samantha Michael,23
805,Elizabeth Taylor,37
806,Teresa Kelly,18
807,Paula Peterson,6
808,Joshua Myers,45
809,Joel Ortiz,22
810,Terry Hart,37
811,Tyler Faulkner,10
812,James Green,8
813,Gerald Lee,44
814,Anthony Dixon,46
815,Brittany Burns,4
816,Samantha Harris MD,10
817,Sandra Wright,1
818,Michelle Taylor,22
819,Barbara Franklin,9
820,Laurie Pratt,25
821,Daniel Mcpherson,49
822,Ashley Jackson,46
823,Meredith Rice DVM,34
824,Brooke Dunn,0
825,Theresa Noble,20
826,Laura Wolfe,27
827,Kelsey Nicholson,32
828,Roger Williams,27
829,Nina Bowen,44
830,Micheal Castaneda,46
831,Bob Thompson,45
832,Nicole Ryan,34
833,Angela Alexander,25
834,Alison Harrison,38
835,Shawn Barker,7
836,Mark Benson,41
837,Paul Taylor,40
838,Sara Green,43
839,Charles Mathews,35
840,Walter Arnold,34
841,Jacob Little,19
842,Henry Herrera,32
843,Karen Porter,49
844,Amy Williams,50
845,Nicole Gallagher,19
846,Robert Hancock MD,23
847,Michael Harrison,13
848,Patrick Burns,29
849,Jessica Cunningham,7
850,Christopher Duke,38
851,Joshua James,17
852,Matthew Norman,12
853,William Baxter,34
854,Damon Sparks,7
855,Rachel Caldwell,3
856,Adam Cooke,46
857,Lisa Leonard,40
858,Lindsey Simpson,30
859,Ronald Espinoza,27
860,Kimberly Cisneros,38
861,Anthony Arnold,10
862,Kim Martin,15
863,Corey Williams,2
864,Kevin Wang,1
865,Stephanie Fuentes,15
866,Brandi Hendrix,42
867,Paul Burnett,30
868,James Pierce,15
869,John Mercer,4
870,James Cox,2
871,Dominique Price,32
872,Richard White,35
873,Paul Turner,18
874,Stanley Adams,11
875,Jessica Baker,27
876,David Taylor,24
877,Robert Mahoney,23
878,Samuel Johnson,49
879,Megan Scott,41
880,Joshua Valdez,15
881,Brandon Moon,20
882,Cheyenne Crawford,9
883,Nathaniel Zamora,5
884,Paul Reed,10
885,Stephen Hill,28
886,Mark Lawrence,31
887,Jose Castillo,11
888,Michael Vasquez,0
889,Amanda Galvan,41
890,Barbara Cook PhD,50
891,Karen Jimenez,41
892,Christopher Arnold,19
893,Sheryl Oliver,46
894,Kristin Roach,27
895,John Johnson,15
896,Amanda Stewart,10
897,Claire Lee,16
898,Jason Bartlett,10
899,Stacey Vaughan,19
900,Javier Duran,44
901,David Carter,40
902,Isabel Rivera,30
903,Robert Bray,38
904,Jason Gonzalez,8
905,Richard Wilson,7
906,Kathy Rivera,20
907,Stephen Richards,13
908,Marie Rodriguez,16
909,Shannon Dunn,46
910,Jennifer Burns,46
911,Eric Callahan,4
912,Erik Garcia,0
913,Erika Wilcox,6
914,Tyler Wang,2
915,Michael Keller,44
916,Joshua Jones,30
917,Mitchell Moore,36
918,Katelyn Riggs,10
919,Maria Martinez,8
920,Kenneth Cruz,8
921,Elizabeth Williams,22
922,Isaac Rodriguez,8
923,Eric Graham,19
924,Briana Stewart,32
925,Mark Wilcox,14
926,Lindsey Mccoy,36
927,Ann Adams,28
928,William Matthews,36
929,Tara Martin,38
930,Kaitlyn Strickland MD,37
931,Robert Thompson,40
932,Bryan Martinez,0
933,Jenna Williams,10
934,Becky Smith,46
935,Justin Thornton,21
936,Jacob Jackson,31
937,Danielle Cox,41
938,Edward Carter,5
939,Kylie Richardson,33
940,Caleb Sanders,10
941,Allison James,43
942,Jo Berry,34
943,Donald Serrano,22
944,Joseph Strong,12
945,Andrew Perez,28
946,Dylan James,28
947,Kimberly Conway,9
948,Rachel Fernandez,46
949,John Jackson,11
950,Mary Price,27
951,James Thompson,37
952,Michael Fitzpatrick,17
953,Robert Tucker,7
954,Jackie Reynolds,6
955,Jessica Francis,4
956,Julie Lee,44
957,Cathy Weber,30
958,Ryan Cole,37
959,Taylor Warner,0
960,Megan Le,49
961,Sean Lyons,40
962,Brett Gill,3
963,Heather Velasquez,8
964,Dana Proctor,36
965,Kendra Scott,15
966,Kara Kramer,9
967,Ethan Abbott,45
968,Kristin Armstrong,22
969,Christopher Thomas,6
970,Karen Donovan,37
971,Vernon Williams,13
972,David Espinoza,49
973,Andrew Hall,32
974,Zachary Hernandez,40
975,Nicole Berry PhD,6
976,Zachary Robertson,17
977,Jordan Adams,6
978,Cody Massey,8
979,Taylor Johnson,46
980,Michelle Kaufman,1
981,James Smith,36
982,Rachel Hunt,10
983,David Cox,46
984,Karen Richardson,32
985,Nicole Moody,41
986,Gabriella Owens,44
987,Patty Mcintyre,36
988,Diana Ross,23
989,Joshua Baird,15
990,Robert Nelson,34
991,Robert Bowers,48
992,Monique Horton,34
993,Chase Perkins,46
994,Rebecca Ross,9
995,Stephanie Nichols,19
996,Jonathan Smith,48
997,Whitney Johnson,23
998,James Marshall,19
999,Rachel Carlson,42
1000,Hamza Bila,
1001,,6
